{
  "name": "adams_mod",
  "version": "0.0.37",
  "title": "AdamsMod",
  "description": "A curated collection of mods. Together they form a challenging new way to play.",
  "factorio_version": "1.1",
  "dependencies": [
    "base >= 1.1.21",
    "no_free_lunch >= 0.0.13",
    "power_ranger >= 0.0.3",
    "? alien_biomes >= 0.6.7",
    "? Circuit_Power_Measurement_Combinator = 0.0.8",
    "? clean_floor >= 1.1.0",
    "? clockwork >= 1.1.1",
    "? eradicators-hand-crank-generator = 2.0.10",
    "? extinguisher = 1.1.1",
    "? Moon_Logic >= 0.0.57",
    "? Repair_Turret >= 1.0.0",
    "? Rocket-Silo-Construction >= 1.0.28",
    "? uranium_geiger = 0.4.0",
    "? WaterTurret = 1.1.0"
  ],
  "author": "adamwong246",
  "contact": "adamwong246@gmail.com",
  "homepage": "https://github.com/adamwong246/AdamsMod"
}