{
  "name": "adams_mod",
  "version": "0.0.16",
  "title": "AdamsMod",
  "description": "AdamsMod aims to make Factorio more complex and more punishing.",
  "factorio_version": "1.1",
  "dependencies": [
    "base >= 1.1.21",

    "Circuit_Power_Measurement_Combinator = 0.0.8",
    "Electric_Transformators = 1.0.1",
    "Moon_Logic >= 0.0.57",
    "PowerOverload >= 1.0.0",
    "uranium_geiger = 0.4.0",

    "desire_paths = 0.0.7",
    "no_free_lunch = 0.0.6",
    "power_ranger = 0.0.3",
    "short_reach = 0.0.6",
    "toxic_waste = 0.0.10"


  ],
  "author": "adamwong246",
  "contact": "adamwong246@gmail.com",
  "homepage": "https://github.com/adamwong246/AdamsMod"
}
