{
  "name": "adams_mod",
  "version": "0.0.25",
  "title": "AdamsMod",
  "description": "It's 'New Game+'. Everything is harder and more complex, plus more toys to play with.",
  "factorio_version": "1.1",
  "dependencies": [
    "base >= 1.1.21",

    "Aircraft = 1.7.2", 
    "Circuit_Power_Measurement_Combinator = 0.0.8",
    "Electric_Transformators = 2.1.1",
    "extinguisher = 1.1.1", 
    "grappling-gun = 0.3.1",
    "Inventory Sensor = 1.10.4",
    "jetpack = 0.2.6", 
    "Moon_Logic >= 0.0.57",
    "Repair_Turret >= 1.0.0", 
    "Rocket-Silo-Construction >= 1.0.28", 
    "Searchlight = 1.1.1", 
    "uranium_geiger = 0.4.0",
    "WaterTurret = 1.1.0",

    "desire_paths = 0.0.7",
    "no_free_lunch = 0.0.6",
    "power_ranger = 0.0.3",
    "short_reach = 0.0.6",
    "toxic_waste = 0.0.10"
  ],
  "author": "adamwong246",
  "contact": "adamwong246@gmail.com",
  "homepage": "https://github.com/adamwong246/AdamsMod"
}
