{
  "name": "adams_mod",
  "version": "0.0.11",
  "title": "AdamsMod",
  "description": "AdamsMod aims to make Factorio more complex and more punishing.",
  "factorio_version": "1.1",
  "dependencies": [
    "base >= 0.11.0",

    "Circuit_Power_Measurement_Combinator = 0.0.8",
    "desire_paths = 0.0.6",
    "Electric_Transformators = 1.0.1",
    "Moon_Logic = 0.0.55",
    "no_free_lunch = 0.0.5",
    "power_ranger = 0.0.2",
    "PowerOverload = 1.0.0",
    "short_reach = 0.0.5",
    "uranium_geiger = 0.4.0",
    "toxic_waste = 0.0.7"
  ],
  "author": "adamwong246",
  "contact": "adamwong246@gmail.com",
  "homepage": "https://github.com/adamwong246/AdamsMod"
}
