{
  "name": "adams_mod",
  "version": "0.0.33",
  "title": "AdamsMod",
  "description": "A collection of my cursed mods, plus others from the community I like. Together they form a challenging new way to play.",
  "factorio_version": "1.1",
  "dependencies": [
    "base >= 1.1.21",
    "no_free_lunch >= 0.0.13",
    "power_ranger >= 0.0.3",
    "? alien_biomes >= 0.6.7",
    "? Big-Monsters = 1.0.9",
    "? Circuit_Power_Measurement_Combinator = 0.0.8",
    "? clean_floor >= 1.1.0",
    "? clockwork >= 1.1.1",
    "? eradicators-hand-crank-generator = 2.0.10",
    "? extinguisher = 1.1.1",
    "? FoodIndustry >= 0.16.31",
    "? grappling-gun = 0.3.1",
    "? Inventory Sensor = 1.10.4",
    "? Moon_Logic >= 0.0.57",
    "? osha_wind_power = 0.0.5",
    "? pushbutton = 1.1.0",
    "? Repair_Turret >= 1.0.0",
    "? Rocket-Silo-Construction >= 1.0.28",
    "? Searchlight = 1.1.1",
    "? TurboBike = 1.1.0",
    "? uranium_geiger = 0.4.0",
    "? WaterTurret = 1.1.0",
    "? Will-o-the-Wisps_updated = 0.3.19"
  ],
  "author": "adamwong246",
  "contact": "adamwong246@gmail.com",
  "homepage": "https://github.com/adamwong246/AdamsMod"
}